41019,46846,60857,86077,62450,144941,4080,709,24363,130170,108864,118277,131773,125551,4080,43761,108459,140316,11951,19415,131901,4080,54442,10684,715,47100,68862,16820,86788,80002,38823,86038,14578
125551,32075,64515,49478,81436,73309,80351,113037,104284,14579,4784,132117,52001,113035,75749,116707,119894,119193,137717,113017,13556,144941,47074,149452,9887,129694,104284,123490,13362,42238,57177,144474,76437
133681,91791,126646,13670,148603,92536,97041,129442,21891,130131,16820,141902,142571,147780,709,150288,10684,53300,61587,44951,75749,56519,72927,42238,32435,54442,121415,130131,21997,64009,115597,85592,26011
40903,27613,36380,140871,10699,129923,107390,129442,52042,126646,37417,73123,127183,127519,91170,12350,125616,40250,3270,118277,120208,71695,111148,15210,49845,108497,42373,108298,80351,119897,79988,124913,113789
80000,116447,26025,47202,82914,113037,79605,98238,97041,127519,54665,110172,84095,46160,110654,107390,19415,130952,62655,125189,98656,4070,117170,38888,33465,127519,87152,33216,38900,9887,123467,35444,132794
112767,98348,12350,26301,145260,32075,128799,3624,96730,21409,99703,148124,21997,153946,55121,96730,25606,115597,146020,47202,130456,71276,127519,42238,93518,65752,822,67232,114272,75862,79988,105674,3921
71276,107389,120177,21409,4070,135043,41019,68854,128816,107389,46846,708,12350,53300,112481,105890,62753,87152,26301,5,26301,148586,14358,134792,148217,116488,14315,64626,27613,89992,91092,59663,13670
64553,140789,129694,110654,4520,146726,6442,13556,3779,107184,12047,113808,142949,113037,94638,36380,4778,54625,120177,126557,87968,8261,54234,111911,108497,106502,125189,65752,6370,26011,75862,139330,46160
13804,8261,47100,4520,47100,109445,11946,129040,153946,708,126666,150288,43768,10810,146017,96730,4070,96738,68862,37417,127343,115597,117170,108957,32687,152543,42851,125657,97279,14391,73369,13706,142571
92546,15210,63803,3779,61742,131980,92536,112314,72927,121929,10810,19438,16820,4233,119379,25606,112481,149775,126516,112481,73123,118061,64859,110654,103600,67011,116525,5,44355,89196,96738,145432,145260
48456,96730,21891,30198,4235,38823,110450,141562,21997,104008,1680,13670,70300,52001,25606,38886,148586,22474,141562,142359,144545,96400,126516,148604,90570,3779,1661,116447,131901,74908,40250,32687,12350
41709,16820,40903,148604,85816,53727,47074,89992,126516,21409,88875,12047,104284,112767,32687,825,11677,139521,10983,80002,67011,89847,116871,71276,108524,36380,134792,74384,36985,120208,127520,4080,48465
73123,114293,34263,108298,116873,14734,4235,33465,132794,38826,4070,116525,14391,75420,125821,99703,125999,137990,113969,129442,43768,130693,34258,113969,14391,51776,825,42373,122358,84096,122143,111368,84095
61742,123474,126516,30198,56519,144545,13804,131024,98339,75749,144212,42851,140871,142571,74908,113808,1102,86038,125189,45517,32075,105890,124702,98666,131901,4784,825,89196,12047,22477,145742,99703,89196
96730,48456,132794,53300,130952,62450,38823,91309,111911,57418,75862,14581,49845,32435,139521,91791,822,75375,28483,145887,90570,146726,144476,78843,48999,121651,21402,128799,133560,75749,125333,4519,133681
108864,145887,38823,113022,90582,73369,131901,126185,66073,148217,126516,20361,129442,114272,116491,113017,25606,98238,116447,108501,16820,64859,46846,103600,91092,127203,9887,111911,98339,75375,108524,131980,125999
101868,148124,424,86077,14578,84095,70300,41019,120302,127183,108495,108495,107588,97570,125189,148217,74385,125551,132794,13670,63803,134952,46160,25606,38826,108495,108845,80351,148603,64515,76437,93942,9511
123474,62450,52001,90582,148604,142571,117170,48015,121651,96738,107588,86259,125657,30198,38826,126789,13596,113022,113696,134823,113037,86788,1102,48465,10805,62655,21409,75763,54442,11677,85693,116528,144545
80002,126646,98339,108864,124877,121415,64553,6372,40250,62458,133020,54625,40903,114293,125821,33465,116491,125189,153946,126669,47074,64859,98339,92131,148603,134792,119578,4097,84096,84095,112133,42373,119894
120302,80517,14358,91309,47100,139992,129442,28483,6442,113789,112481,126431,113789,46846,1661,1883,129040,137717,118277,149100,108495,14581,111368,145742,123523,59663,111368,88872,67232,127302,13670,111911,92131
44951,134792,113037,148519,71695,33460,107390,10694,129442,38907,80002,89992,132794,145745,108524,125551,4233,25606,13706,140316,127302,82892,118061,98666,122358,125189,822,116528,38823,122083,37417,103600,123523
60994,124460,1102,127192,126666,108864,108459,142571,123523,9511,13670,108864,111911,84095,37417,51992,113696,125333,127498,47202,116873,10983,129442,127192,130952,109480,97570,124913,131980,121651,42851,127203,119894
107027,105674,14734,4519,98550,126789,108845,139521,825,96901,126587,14315,68539,116871,127343,107126,40845,33465,4779,54442,9511,47202,86259,97211,50955,64626,54665,42373,56495,101868,134823,48999,138040
66073,86038,82892,134052,34258,53727,6680,84095,147024,13362,145260,93522,120177,117169,125616,54442,125822,9511,113789,85816,45389,119894,75420,6370,122358,104284,129694,4233,4784,24369,97041,127520,59663
4080,123641,10983,126557,117170,48865,79988,127519,108497,47202,98585,42851,52042,145432,145043,28483,48015,13540,10699,98621,146726,54234,6442,33465,98666,101868,113017,132117,124460,142082,123762,85816,104008
145183,86077,111188,130456,21409,92546,35444,133020,113789,1102,63803,68601,96738,121929,64515,13596,14734,76437,36380,125333,116873,141562,131980,126666,131897,28483,13706,47077,108298,127302,147024,10699,91170
145742,52637,53727,75862,148603,139992,103600,138040,4097,825,3624,47100,114298,96901,138040,32687,6680,48456,126666,116525,121651,123523,133681,80002,46160,142949,148604,33465,43761,48999,144941,70300,22477
11951,113022,144941,4779,119578,57177,113696,119897,141902,130456,147780,114298,93518,4070,111368,123762,145745,42236,6372,41709,33465,149452,69205,130693,108298,4779,139521,50955,118061,127203,152543,49845,21891
122358,113696,90582,85816,85592,147024,113342,108863,47260,91791,40845,81436,134052,38900,119193,126516,125622,72927,39665,148519,19673,127498,127519,85693,64332,67232,97570,21997,111227,108497,80000,55121,8261
62655,46241,123523,36380,3270,126185,62753,26011,36985,54625,6370,9511,98550,132775,84156,92131,108501,6372,149452,40903,96730,98550,141562,108495,3270,122358,113696,127192,108459,108957,25606,132117,97279
24369,119379,113024,709,43858,50955,148519,98550,92131,97041,86038,144474,37417,4784,708,133020,91170,8261,146020,14581,107126,13928,43768,51776,43768,14581,56693,15210,56499,3779,54665,54442,98339
73309,113969,107953,57177,128816,36985,41709,75375,13596,7710,21409,75763,60857,125821,123467,72290,47077,80000,93522,126670,11946,10810,93921,145759,134384,16820,47896,78843,144474,144212,124913,121929,114293
48865,4778,126230,6372,138040,142949,113696,4779,6370,125822,109445,120208,108863,6372,119193,7710,124877,147024,72288,132794,123467,132117,86788,130131,127520,130170,97279,80351,149775,98238,125822,122083,60994
130131,97041,11946,64515,112133,147024,131796,92546,125616,93942,14581,58053,107389,12047,46160,73309,11677,58053,125616,56693,111188,48015,123523,53300,135043,44951,45517,13804,19415,62655,107588,1069,13556
64332,75420,113342,124460,14579,91309,144212,148519,121929,74383,120208,131796,38826,38823,101868,32435,119578,44951,4520,146019,108495,92131,97279,98348,107390,129694,19413,34263,14581,107027,120208,89196,13670
52042,121415,13362,70300,19413,107184,129694,88872,108957,81436,3779,3624,127497,14579,68854,62192,133681,129442,108845,24363,149775,130952,126646,41709,116873,68862,98339,9887,72290,129442,84817,16820,46160
8261,57418,146019,108864,26301,96738,36380,42373,52001,125822,89992,138040,57177,119897,113790,44355,114298,4520,47260,48865,108501,87968,126670,148519,35444,125999,10810,112767,87968,82892,93942,14358,109480
19413,47077,78843,117169,91791,57418,51992,1069,114272,114293,119193,98621,68862,67011,17634,137990,42238,132775,13706,146020,36380,26011,11946,75862,4507,134952,148124,120308,58140,123467,68537,149775,64553
134930,98348,98238,98621,38886,107184,51992,1069,26011,67011,145745,68854,37417,45389,49478,13362,93942,118277,80351,127498,44951,74908,113024,20361,142949,127203,142571,715,62458,64009,113696,55121,117170
125999,141562,145432,48465,117170,133020,147024,91170,38823,38900,152545,75749,140789,14578,68537,112481,127183,17634,123474,145742,107184,127302,138040,140316,4507,80000,19673,116447,69825,825,4092,93942,133681
38826,118277,132794,108459,131024,132589,96730,144212,111227,51776,59663,10983,75420,84817,75749,111911,126516,92292,45389,55121,52001,142571,61742,15210,111148,91170,33465,26011,142572,44794,113024,145183,85693
64009,708,97211,86038,89992,114272,11677,112481,32687,113969,133833,124702,127192,148217,10694,120208,130170,105890,57418,126185,126516,71695,86038,112767,126666,4233,13362,68539,9887,148604,9511,140789,42236
123762,131980,62458,108501,1102,10694,87152,107389,64515,146726,52001,3624,148519,14578,109445,11951,13804,62458,123474,134384,4233,44794,119379,75763,125616,96738,146961,144474,116871,26025,94638,113259,48456
113790,89992,145043,6680,41019,111149,92292,139992,12350,127520,145745,4070,4235,9511,42238,126557,3779,145742,38907,126185,57177,825,93522,152545,110172,22477,19413,50955,126230,128816,73309,14358,47074
112314,84156,92546,58053,133681,47202,131024,62450,72927,148586,134930,52121,89196,91092,92292,62753,134384,26301,109687,24369,21997,98621,145183,142529,127520,134823,146017,25606,84095,14734,119894,131024,4092
110654,114272,9511,140789,62192,144476,6372,6370,4778,119379,127497,68601,93518,43761,39665,120302,105674,112481,125551,129923,48465,1680,13378,57418,119379,50955,121472,130693,132117,114293,117170,125999,72290
144212,109687,147024,14578,133560,133681,98656,126587,126431,113035,112483,128799,79988,60857,145183,13362,81436,59663,85693,1069,17634,119193,36985,111911,91092,615,125551,48465,98666,119897,94638,47100,108298
42851,133833,95912,44355,126587,36985,4779,145887,19413,107953,75420,709,97279,150288,145183,4070,52637,130170,95912,105890,126185,68539,114272,14581,74908,126516,113024,10684,62458,14358,72927,14581,121929
46241,62655,56499,111148,46846,89847,76437,113789,75937,13556,145745,57418,4519,116707,152543,91205,133833,152545,131901,42373,82892,28483,147780,14581,15210,71276,107588,104284,87968,11946,142529,46846,13378
37417,71515,43858,126230,117170,137990,822,107027,153946,46160,149100,127497,68537,123467,38823,19438,116447,48465,4520,104284,13670,121415,130170,120302,119193,120177,75763,19415,98666,35444,22474,108864,114293
108957,107390,48865,120302,68862,6393,129406,36380,1069,62458,88875,36985,121929,72200,116707,120302,123641,14391,44355,16820,98666,38823,10684,147024,13378,89196,40250,75862,63803,127498,66187,127519,139992
38907,98666,73363,127497,148586,68854,34263,133681,4013,10694,62450,38823,108495,145183,94638,101868,54625,3921,153946,127520,33465,42851,7710,51776,42373,78843,95912,6393,92131,126185,75420,126230,109687
134792,144941,47896,107184,4235,81436,60994,92131,133020,67011,142949,106502,822,145742,80000,13362,4092,32075,110450,6680,54665,130921,68854,72200,86077,7710,54665,9887,825,145887,40903,126669,128816
56499,142082,73309,64553,144212,92131,62753,14315,121415,118061,24363,90570,142529,126669,73369,133681,75749,49478,152543,132117,139992,89847,123523,84096,129694,822,125616,121472,134384,13362,49478,86259,131980
4070,129442,133560,113808,64332,72200,13362,113789,112767,46160,72288,107390,130693,134792,14581,93522,64626,46241,48015,44951,24369,144212,132589,113789,108459,47896,10805,152543,64009,71276,47260,130456,145183
126230,125622,110654,76437,3270,47100,14578,19413,116873,30198,13706,127192,60857,145887,113037,148604,28483,62450,42236,14581,4092,111148,98550,142572,33216,114298,138040,111911,127343,107027,111368,112481,115597
38900,91791,54625,125657,34263,22477,109687,5,56519,47077,51776,134930,89196,61587,32435,116447,54665,46846,57418,48465,65752,146961,19413,64515,68537,149100,105890,822,4778,142571,825,119193,132794
47077,142949,54442,36380,140871,114272,127343,146017,130456,32687,134930,107390,152543,43761,110654,129406,13804,99361,108495,44794,114293,54625,41019,126431,92292,82892,108864,75749,87968,42238,1680,142359,13706
120208,24363,147024,129040,42238,45389,93518,13596,123467,125189,72288,98666,6442,6680,33460,24363,37417,131796,145183,53727,44355,131901,108530,97547,107050,19673,45517,119894,116528,124913,49845,4013,150288
126669,108957,91092,121472,97570,54442,111911,127519,116447,130170,73309,108501,71515,91205,14391,38900,10699,142572,116525,125999,88872,123762,134792,135043,107126,3270,24700,709,98339,37417,134952,52042,4778
96901,98550,14315,54665,90570,125333,131897,131980,56693,72200,52637,130456,116525,127498,123762,107953,124460,4235,116488,51992,6372,107027,99703,112767,129406,86259,825,34258,134952,49845,10684,114298,48865
87152,56495,67011,14315,125333,4519,113789,126789,71695,113024,62458,41709,123474,144545,38886,4507,113017,125822,135043,42373,26011,60857,75375,42851,142529,107027,113022,15210,39378,116491,137990,146019,114272
106502,6442,8261,101868,4784,113037,119193,47077,14315,60994,68854,113017,71695,76437,129923,21891,145432,149452,5,42238,66073,24363,54665,116873,113022,96400,111149,91205,123467,146961,71515,108530,116707
130693,61742,108298,56499,144545,24700,91170,34258,48456,109480,128816,122143,49845,122358,118061,131980,107953,141562,144476,52001,104008,126669,126669,127497,26025,127343,74385,91309,126646,116525,137717,108845,52001
84817,108459,114298,14315,4507,64515,126516,120177,11946,131901,132589,64515,40250,89847,50955,68537,66187,144476,42851,25606,55121,93518,135043,47260,120302,134384,19413,142359,93522,4778,137717,71515,128799
141562,125999,139521,128799,112483,20361,153946,33216,133020,134952,1661,88875,128799,96400,19438,32075,10694,6370,89847,67011,148604,42373,98621,60994,10805,33216,127343,1102,107588,106502,60994,96901,97570
108495,45517,108501,54625,126185,3779,48015,4080,132775,127182,99703,125999,56495,124460,107027,47100,140316,79605,144545,142949,47077,105890,130693,134052,48456,1680,1883,142949,108530,142572,89992,4778,113037
74385,126587,98550,120177,73309,97211,6680,10699,126789,116525,88872,131897,52637,139992,6393,129040,13670,43768,127519,113022,42236,79988,113035,145759,14579,113342,98656,91205,113017,43858,108524,38826,75375
133833,97279,64009,113022,68539,64553,10694,93522,38900,48465,62192,118061,13670,126516,64859,90582,60857,140316,4507,67011,73309,32075,13670,36985,6393,144212,109445,40903,132794,71695,615,71695,20361
141902,44951,127520,107184,82892,122143,99361,121651,4519,145887,4784,80000,139330,90582,38823,42238,11951,144212,97570,126666,96901,37417,105674,3270,142571,144545,101868,825,48865,21402,46160,125551,144474
144545,113696,126185,114298,4013,55121,72200,92546,145742,142359,127192,27613,141902,112481,134823,57177,42373,91092,98621,25606,56495,24369,1680,111911,4520,69205,67232,141902,130456,140789,4233,126516,139992
4097,4092,62192,90570,112314,64626,81436,47260,93518,4778,38907,4070,6372,19413,57177,130131,26011,69205,68854,67232,116525,114298,116873,128799,615,92546,50955,62192,124702,1102,110172,70300,127497
86038,137990,39665,109480,101868,14581,52001,615,38907,1069,54625,111149,125809,79605,99703,74384,152543,14578,144476,123474,4080,134384,89847,111188,71276,24363,92546,56519,75420,145432,4092,108497,124877
127203,95912,124877,119897,42238,13556,4519,113790,113037,39665,128799,8261,108524,38888,13362,126557,111911,52037,93921,134952,11951,134930,86077,33465,127520,116447,124913,12047,41709,47077,24363,109480,10684
74908,149452,46846,56499,57177,4779,145260,123474,4507,68601,39378,8372,126557,120308,11951,38886,1102,26301,152543,116528,73369,52001,113696,86259,105674,130693,113342,99361,72290,39378,142082,117170,140316
11677,53300,74908,52637,20361,126670,708,60857,145745,32435,1069,32435,80000,121651,113259,47260,108864,107050,108495,125551,84095,64553,127182,126670,126230,147024,54442,98656,116871,14578,93518,74384,82892
87968,39665,133833,7710,108863,53727,71276,138040,148604,126587,113037,148217,49478,43858,80000,119894,13540,131773,50955,123762,82914,113789,126789,75937,107953,6372,131773,124702,125821,130131,113037,113969,72290
109445,116871,132775,64332,112483,48865,82892,63803,124913,141902,125551,92536,108864,87152,148217,89196,10805,26011,98666,11677,13670,56519,133020,98666,14391,37417,84095,75749,24363,69205,125657,126669,91170
13378,21409,108524,47074,120208,34258,109687,6372,96901,142572,131897,116707,81436,148217,120177,133681,73309,66187,126230,114293,48456,61742,43761,144941,112767,47077,81436,116488,46160,32435,131901,33460,122083
127343,127182,105674,52042,59663,82914,56693,69825,40250,123467,110450,47260,42236,822,90582,85693,1102,99361,132775,118277,75937,110172,126646,74908,74384,7710,98585,22477,3779,36380,54665,56495,134952
27613,40903,3921,140789,1069,85693,119379,134792,107027,149452,28483,715,109445,53300,116873,108864,6372,80000,43761,125333,108459,98238,25606,115597,119379,112481,50955,74385,39665,38886,20361,82892,822
142082,122143,822,93942,125189,1069,116491,32687,130131,98656,96400,90570,133560,40845,132794,4080,57177,109480,48999,66187,4507,89847,26011,106502,126431,113969,54466,134823,38826,121651,113342,91170,127520
142529,122083,126557,98656,85816,127498,97547,106502,116447,118061,48865,135043,9511,42236,10694,122358,21997,42238,130131,45389,47077,134952,141902,113259,107953,124460,145742,6372,38826,93942,14579,108530,70300
60857,38907,129040,116491,116873,52001,89992,147780,108845,8372,131773,22477,44355,38888,4013,72290,615,109480,119379,116447,97041,120302,108845,19415,145742,125622,113024,75937,149775,4520,80002,126789,124702
113969,4519,98621,15210,121651,8372,146020,57418,48015,88875,91092,38888,825,69825,80517,149100,145043,137990,64009,95912,64626,142949,60857,134052,133560,140316,111149,127203,124877,118061,145887,13928,111368
28483,10805,825,111368,13378,145759,142949,134052,92131,42238,125333,144212,75420,10694,97547,19415,113342,142571,108524,19438,108864,113969,1680,21409,13706,148586,122143,35444,146726,47077,125999,47077,117170
107588,133833,38823,111148,78843,142359,14391,4778,40845,150288,107126,110654,123641,111368,138070,22477,128799,152543,47100,104008,63803,32075,111368,121415,145745,68854,144476,108530,59663,112481,6442,123762,58053
26025,148603,98585,38823,62753,85816,123474,36380,130131,89847,91309,127182,67232,3921,133681,96400,71276,131980,56693,86788,54625,124702,93518,124877,148519,106502,129040,87968,101868,44951,126230,119897,146726
90582,10684,14734,127192,33460,44794,152545,115597,98621,121415,116707,71276,98666,4778,64626,4778,127192,10805,5,114298,117170,41709,46160,125616,8261,73309,130921,87152,134952,84096,33216,97041,74383
146961,12350,125616,10810,139992,66187,46241,124913,91309,139330,144474,127497,4013,62655,72927,134823,119894,108524,148603,113017,68537,111188,130170,123523,144476,69205,10983,97279,139521,145183,121651,36985,134823
56495,126669,139521,33216,98348,108459,126587,148519,111148,424,4070,822,53300,149775,112483,61587,47260,6393,19415,4235,105890,113035,147780,129442,131901,123490,14579,98238,40903,51776,124877,110654,56693
125809,116707,57418,148124,80002,133833,84156,105890,13706,86788,44951,125189,10699,62458,68539,38886,133020,47260,118277,107126,124913,108957,125189,44794,50955,148217,84817,108957,93942,4779,93518,38907,3921
35444,75862,47896,132775,144476,104008,123762,111188,32075,85693,127520,50955,424,55121,142529,148519,145043,42373,94638,56519,125616,104008,131773,133681,130170,153946,129406,4092,94638,146726,1069,65752,69205
110172,116491,1069,13706,89847,79605,126646,153946,75749,141902,109445,116491,40903,64553,109480,26011,47100,52121,72288,69825,131897,107588,105674,36380,40903,97041,129406,147024,139992,13804,4779,64515,45517
103600,98348,107588,139521,146019,13928,12047,67232,47260,19413,75862,98238,141562,74373,146020,98656,124913,14578,98621,89196,112481,13928,51776,56495,85693,116871,6680,15210,34258,123474,33216,39378,133833
114272,128799,615,72288,109687,45389,84096,4235,47260,14578,6442,69205,132775,139992,63803,3270,123467,91205,111188,74908,69205,10699,112483,56499,57418,10684,108497,113259,131773,148604,124460,91170,93942
89992,6442,4092,14734,90570,92131,56693,104284,129694,126516,62192,1883,125999,123523,113789,96400,4080,12047,4778,98656,71695,98550,78843,822,114293,123762,56495,108495,52637,54625,130170,85693,126789
48999,80517,46160,21402,38888,134052,121472,97547,113696,108495,127183,26011,118061,46846,145759,142082,113022,10805,615,148586,108298,122143,59663,149775,131897,34258,48465,21997,130693,133020,120177,56499,149775
6372,30198,4778,98585,67232,126789,97041,1069,13670,42373,96738,41019,98621,145260,124913,56519,134384,98339,46241,64859,38888,64515,86788,91205,43858,26301,4235,110450,113342,19415,26025,113024,40845
137990,86038,111368,113024,124460,68537,116707,822,113259,125616,125616,62192,107389,26025,128816,84156,54442,130131,56693,35444,120208,132775,26301,424,75862,43768,133681,38823,134930,109445,62192,131796,127343
